true_subject,louvain_community,lpa_community,gnn_community
Neural_Networks,1198,8,2
Rule_Learning,686,344,5
Reinforcement_Learning,1687,39,4
Reinforcement_Learning,1687,294,4
Probabilistic_Methods,1268,170,3
Probabilistic_Methods,1268,220,3
Theory,2215,220,6
Neural_Networks,1198,8,2
Neural_Networks,1198,8,2
Theory,1456,308,6
Neural_Networks,331,420,2
Genetic_Algorithms,747,572,1
Probabilistic_Methods,1452,84,3
Case_Based,2215,163,0
Neural_Networks,1198,8,2
Neural_Networks,331,80,2
Reinforcement_Learning,1687,294,4
Neural_Networks,747,146,2
Neural_Networks,747,127,2
Neural_Networks,1968,571,2
Theory,1456,267,6
Reinforcement_Learning,1687,294,4
Genetic_Algorithms,1136,163,1
Probabilistic_Methods,1654,161,3
Reinforcement_Learning,1687,39,4
Theory,1456,267,6
Neural_Networks,747,747,2
Probabilistic_Methods,1452,84,3
Neural_Networks,1968,157,2
Rule_Learning,2614,74,3
Case_Based,150,231,0
Neural_Networks,1268,8,2
Case_Based,150,231,0
Neural_Networks,611,1701,2
Reinforcement_Learning,1687,294,4
Reinforcement_Learning,1687,294,4
Neural_Networks,611,257,2
Reinforcement_Learning,1136,500,4
Genetic_Algorithms,1136,219,1
Reinforcement_Learning,1687,39,4
Theory,1456,761,6
Probabilistic_Methods,1654,1713,3
Genetic_Algorithms,1136,163,1
Neural_Networks,747,212,2
Case_Based,686,88,0
Reinforcement_Learning,1268,220,4
Neural_Networks,331,238,2
Case_Based,1666,87,0
Probabilistic_Methods,1654,725,3
Case_Based,150,150,0
Case_Based,150,150,0
Probabilistic_Methods,1452,325,3
Theory,686,136,6
Genetic_Algorithms,1136,243,1
Theory,1456,163,6
Genetic_Algorithms,1136,163,1
Theory,1456,74,6
Reinforcement_Learning,1687,294,4
Neural_Networks,1968,536,2
Neural_Networks,1814,212,2
Reinforcement_Learning,1687,74,4
Case_Based,240,240,0
Probabilistic_Methods,1268,423,3
Reinforcement_Learning,1687,39,4
Case_Based,150,284,0
Genetic_Algorithms,1136,163,1
Case_Based,66,35,0
Probabilistic_Methods,2115,276,3
Neural_Networks,611,131,2
Case_Based,66,35,0
Theory,2614,74,6
Probabilistic_Methods,1687,74,3
Neural_Networks,747,747,2
Reinforcement_Learning,747,747,2
Probabilistic_Methods,611,74,3
Case_Based,66,1855,0
Probabilistic_Methods,1268,131,3
Neural_Networks,1285,180,2
Theory,611,157,6
Theory,747,227,6
Neural_Networks,747,74,2
Probabilistic_Methods,647,647,3
Reinforcement_Learning,1687,39,4
Neural_Networks,747,294,2
Probabilistic_Methods,1452,84,3
Reinforcement_Learning,1687,294,4
Rule_Learning,2649,249,5
Rule_Learning,1666,87,0
Theory,686,88,6
Theory,686,430,6
Neural_Networks,611,74,2
Neural_Networks,747,745,2
Reinforcement_Learning,1687,136,4
Probabilistic_Methods,1654,161,3
Probabilistic_Methods,1654,126,3
Probabilistic_Methods,1654,161,3
Case_Based,686,35,0
Neural_Networks,331,420,2
Theory,1456,8,6
Probabilistic_Methods,1654,2578,3
Genetic_Algorithms,1136,758,1
Neural_Networks,611,74,2
Neural_Networks,2614,404,2
Reinforcement_Learning,1687,294,4
Neural_Networks,747,747,2
Probabilistic_Methods,1452,248,3
Rule_Learning,2215,8,5
Probabilistic_Methods,1268,250,3
Probabilistic_Methods,1268,250,3
Theory,1456,549,6
Neural_Networks,747,204,2
Neural_Networks,1285,180,2
Neural_Networks,747,572,2
Neural_Networks,747,747,2
Theory,1456,171,6
Probabilistic_Methods,1654,1713,3
Case_Based,686,88,0
Probabilistic_Methods,1452,84,3
Reinforcement_Learning,1687,294,4
Rule_Learning,686,430,5
Genetic_Algorithms,1136,163,1
Neural_Networks,1285,595,2
Neural_Networks,747,124,2
Neural_Networks,1968,87,2
Neural_Networks,747,124,2
Neural_Networks,611,160,2
Probabilistic_Methods,1654,126,3
Neural_Networks,747,124,2
Reinforcement_Learning,1687,294,4
Genetic_Algorithms,1136,80,1
Theory,1456,549,6
Probabilistic_Methods,1268,131,3
Reinforcement_Learning,1285,180,4
Neural_Networks,611,74,2
Neural_Networks,1687,74,2
Rule_Learning,686,308,6
Rule_Learning,1843,136,5
Probabilistic_Methods,1654,138,3
Probabilistic_Methods,1654,138,3
Genetic_Algorithms,1136,163,1
Theory,686,74,6
Genetic_Algorithms,1136,163,1
Neural_Networks,747,227,2
Neural_Networks,1285,180,2
Neural_Networks,1136,163,2
Genetic_Algorithms,1136,163,1
Neural_Networks,747,146,2
Case_Based,686,136,0
Reinforcement_Learning,1687,210,4
Case_Based,66,35,0
Case_Based,150,150,0
Theory,1268,227,6
Neural_Networks,331,80,2
Neural_Networks,1687,39,2
Neural_Networks,1268,74,2
Probabilistic_Methods,1452,84,3
Rule_Learning,686,236,5
Theory,611,157,2
Rule_Learning,2649,184,5
Theory,1843,136,6
Neural_Networks,611,160,2
Probabilistic_Methods,1452,161,3
Reinforcement_Learning,1687,294,4
Genetic_Algorithms,1136,163,1
Theory,1456,74,6
Rule_Learning,2649,428,5
Case_Based,2215,457,0
Reinforcement_Learning,1687,294,4
Genetic_Algorithms,1136,163,1
Neural_Networks,1814,212,2
Probabilistic_Methods,1268,170,3
Theory,1456,171,6
Case_Based,686,430,0
Reinforcement_Learning,1687,294,4
Neural_Networks,1409,163,2
Neural_Networks,747,747,2
Rule_Learning,379,379,5
Theory,686,430,1
Rule_Learning,686,286,6
Neural_Networks,611,74,2
Neural_Networks,1285,180,2
Theory,611,131,6
Probabilistic_Methods,1654,468,3
Case_Based,66,35,0
Rule_Learning,2649,184,5
Probabilistic_Methods,1268,389,3
Reinforcement_Learning,1687,294,4
Neural_Networks,1968,74,2
Genetic_Algorithms,1136,163,1
Genetic_Algorithms,1136,163,1
Neural_Networks,331,356,2
Genetic_Algorithms,1136,163,1
Neural_Networks,331,420,2
Neural_Networks,331,420,2
Neural_Networks,673,673,2
Rule_Learning,2649,196,5
Rule_Learning,2649,196,5
Reinforcement_Learning,1687,294,4
Neural_Networks,747,655,2
Theory,1456,549,6
Neural_Networks,1968,536,2
Neural_Networks,1285,180,2
Neural_Networks,747,747,2
Neural_Networks,1814,2499,2
Neural_Networks,747,204,2
Neural_Networks,747,227,2
Neural_Networks,1968,536,2
Neural_Networks,1687,74,2
Theory,686,430,6
Genetic_Algorithms,1136,163,1
Reinforcement_Learning,1687,39,4
Probabilistic_Methods,1452,248,3
Neural_Networks,1814,212,2
Reinforcement_Learning,1268,220,4
Neural_Networks,611,157,2
Case_Based,686,35,0
Rule_Learning,2649,196,5
Neural_Networks,747,227,2
Probabilistic_Methods,686,35,3
Genetic_Algorithms,1136,163,1
Reinforcement_Learning,1268,220,4
Case_Based,150,284,0
Case_Based,150,150,0
Rule_Learning,686,430,5
Rule_Learning,2215,8,5
Case_Based,686,88,0
Neural_Networks,617,617,3
Theory,747,227,6
Genetic_Algorithms,686,74,1
Neural_Networks,747,197,2
Neural_Networks,747,227,2
Case_Based,150,231,0
Neural_Networks,1198,8,2
Neural_Networks,1285,595,2
Neural_Networks,331,80,2
Neural_Networks,747,747,2
Case_Based,686,236,0
Genetic_Algorithms,1136,163,1
Neural_Networks,331,238,2
Reinforcement_Learning,1687,294,4
Genetic_Algorithms,240,240,0
Neural_Networks,747,227,2
Theory,1456,8,6
Genetic_Algorithms,1136,243,1
Neural_Networks,1843,136,2
Case_Based,686,430,0
Probabilistic_Methods,611,157,3
Reinforcement_Learning,1136,500,1
Probabilistic_Methods,1452,248,3
Rule_Learning,2649,249,5
Probabilistic_Methods,1268,250,3
Theory,2215,1505,6
Reinforcement_Learning,1687,74,4
Neural_Networks,331,238,2
Neural_Networks,66,35,2
Theory,2614,227,6
Case_Based,686,430,0
Neural_Networks,611,257,2
Neural_Networks,1198,8,2
Case_Based,150,228,2
Probabilistic_Methods,1452,248,3
Neural_Networks,611,74,2
Case_Based,1136,163,0
Neural_Networks,611,74,2
Theory,686,227,6
Genetic_Algorithms,1136,758,1
Case_Based,1136,163,0
Theory,1456,267,6
Neural_Networks,1198,8,2
Neural_Networks,1687,39,2
Probabilistic_Methods,2115,276,3
Neural_Networks,611,157,2
Neural_Networks,914,914,2
Genetic_Algorithms,1136,219,1
Reinforcement_Learning,747,35,4
Probabilistic_Methods,2115,464,3
Probabilistic_Methods,2115,276,3
Reinforcement_Learning,1687,294,4
Probabilistic_Methods,1268,326,3
Probabilistic_Methods,2115,464,3
Probabilistic_Methods,331,420,3
Reinforcement_Learning,1687,210,4
Neural_Networks,592,592,2
Neural_Networks,1687,163,2
Case_Based,150,284,0
Case_Based,150,231,0
Rule_Learning,686,286,5
Theory,1456,549,6
Case_Based,66,35,0
Case_Based,150,284,0
Genetic_Algorithms,1136,163,1
Neural_Networks,1136,80,2
Probabilistic_Methods,1654,161,3
Neural_Networks,1814,212,2
Reinforcement_Learning,1687,294,4
Reinforcement_Learning,1687,39,4
Theory,747,227,6
Neural_Networks,1444,441,2
Reinforcement_Learning,1687,39,6
Theory,1198,8,6
Case_Based,2215,163,0
Neural_Networks,331,238,2
Rule_Learning,2649,428,5
Case_Based,686,35,2
Neural_Networks,1268,250,2
Reinforcement_Learning,1687,39,4
Reinforcement_Learning,1687,294,4
Rule_Learning,2649,196,5
Theory,1456,308,6
Genetic_Algorithms,1136,163,1
Neural_Networks,611,74,2
Neural_Networks,747,227,2
Probabilistic_Methods,1452,325,3
Case_Based,66,534,0
Rule_Learning,686,236,5
Neural_Networks,747,747,2
Rule_Learning,686,344,5
Theory,1968,417,6
Case_Based,2614,286,6
Theory,2614,74,6
Neural_Networks,150,228,2
Reinforcement_Learning,1285,180,4
Theory,686,74,6
Theory,686,74,6
Probabilistic_Methods,1268,326,3
Probabilistic_Methods,1452,84,3
Probabilistic_Methods,1268,326,3
Probabilistic_Methods,1268,326,3
Neural_Networks,1968,747,2
Genetic_Algorithms,1136,163,1
Neural_Networks,1814,212,2
Neural_Networks,611,74,2
Probabilistic_Methods,1268,389,3
Reinforcement_Learning,1687,197,4
Theory,1456,267,6
Rule_Learning,686,286,5
Neural_Networks,747,747,2
Neural_Networks,1285,180,2
Neural_Networks,686,87,2
Probabilistic_Methods,2115,276,3
Neural_Networks,709,709,2
Neural_Networks,709,709,2
Probabilistic_Methods,2115,276,3
Genetic_Algorithms,1136,163,1
Rule_Learning,686,344,5
Probabilistic_Methods,611,74,3
Neural_Networks,1285,180,2
Probabilistic_Methods,1452,84,3
Rule_Learning,686,344,5
Neural_Networks,747,747,2
Neural_Networks,1285,180,2
Neural_Networks,1285,180,2
Probabilistic_Methods,1654,1713,3
Neural_Networks,747,227,2
Neural_Networks,1814,212,2
Neural_Networks,747,124,2
Neural_Networks,331,356,2
Genetic_Algorithms,1136,243,1
Probabilistic_Methods,1654,161,3
Neural_Networks,1814,2499,2
Neural_Networks,1268,227,2
Genetic_Algorithms,1136,163,1
Neural_Networks,747,747,2
Neural_Networks,1285,180,2
Neural_Networks,2112,365,2
Neural_Networks,2112,365,2
Neural_Networks,2112,365,2
Reinforcement_Learning,1687,294,4
Neural_Networks,611,611,2
Neural_Networks,747,747,2
Reinforcement_Learning,1687,294,4
Probabilistic_Methods,686,74,3
Genetic_Algorithms,1136,219,1
Rule_Learning,2649,249,5
Reinforcement_Learning,1687,294,4
Theory,686,426,6
Probabilistic_Methods,611,558,3
Neural_Networks,611,74,2
Theory,686,286,6
Rule_Learning,379,379,5
Genetic_Algorithms,1136,163,1
Theory,686,430,6
Theory,2614,319,6
Neural_Networks,686,87,2
Neural_Networks,1198,8,2
Reinforcement_Learning,1687,294,4
Neural_Networks,747,611,2
Neural_Networks,1814,212,2
Neural_Networks,331,420,3
Probabilistic_Methods,1268,389,3
Genetic_Algorithms,1136,163,1
Neural_Networks,747,227,2
Probabilistic_Methods,1268,74,3
Neural_Networks,611,8,3
Neural_Networks,611,74,2
Genetic_Algorithms,1136,163,1
Rule_Learning,686,35,5
Neural_Networks,747,426,2
Probabilistic_Methods,1452,248,3
Neural_Networks,331,1250,2
Theory,1456,8,6
Probabilistic_Methods,686,35,3
Genetic_Algorithms,1136,163,1
Genetic_Algorithms,1136,163,1
Neural_Networks,2614,404,2
Neural_Networks,1968,35,2
Neural_Networks,747,227,2
Neural_Networks,1968,35,2
Neural_Networks,2187,630,2
Neural_Networks,1968,35,2
Reinforcement_Learning,1687,39,4
Neural_Networks,1968,227,2
Reinforcement_Learning,1687,74,4
Neural_Networks,611,611,2
Case_Based,2215,344,5
Genetic_Algorithms,1136,163,1
Probabilistic_Methods,1654,138,3
Rule_Learning,1968,417,5
Theory,686,308,6
Probabilistic_Methods,1452,248,3
Neural_Networks,331,420,2
Theory,2614,227,6
Genetic_Algorithms,1136,163,1
Probabilistic_Methods,1268,423,3
Theory,1968,571,6
Reinforcement_Learning,1687,294,4
Rule_Learning,686,426,5
Neural_Networks,747,227,2
Rule_Learning,2649,428,5
Probabilistic_Methods,2614,74,3
Theory,686,430,6
Theory,686,74,6
Rule_Learning,2649,428,5
Rule_Learning,2649,184,5
Case_Based,2215,8,0
Neural_Networks,1198,8,2
Theory,686,430,0
Neural_Networks,1198,8,2
Theory,747,227,6
Neural_Networks,331,420,2
Reinforcement_Learning,2215,74,4
Case_Based,686,227,0
Probabilistic_Methods,686,35,3
Neural_Networks,1198,8,2
Neural_Networks,1136,35,2
Case_Based,1136,163,3
Reinforcement_Learning,1687,294,4
Neural_Networks,2187,630,2
Genetic_Algorithms,1136,163,1
Case_Based,686,136,5
Probabilistic_Methods,1666,35,3
Reinforcement_Learning,427,227,4
Probabilistic_Methods,1452,84,3
Theory,1456,308,6
Case_Based,66,35,0
Reinforcement_Learning,1687,294,4
Theory,1456,267,6
Case_Based,2215,457,0
Neural_Networks,747,745,2
Theory,1456,549,6
Reinforcement_Learning,1687,210,4
Neural_Networks,747,227,2
Neural_Networks,1968,74,2
Reinforcement_Learning,1687,197,4
Probabilistic_Methods,2115,464,3
Reinforcement_Learning,1687,294,4
Reinforcement_Learning,1687,294,4
Probabilistic_Methods,2115,276,3
Probabilistic_Methods,1654,468,3
Neural_Networks,611,157,2
Case_Based,686,35,0
Reinforcement_Learning,1687,39,4
Reinforcement_Learning,1456,294,4
Reinforcement_Learning,1687,294,4
Neural_Networks,1268,227,2
Genetic_Algorithms,1136,163,1
Neural_Networks,1814,212,2
Reinforcement_Learning,1687,197,4
Case_Based,686,35,6
Case_Based,686,136,5
Neural_Networks,611,257,2
Theory,1456,308,6
Case_Based,2215,163,0
Reinforcement_Learning,1687,294,4
Probabilistic_Methods,611,74,3
Probabilistic_Methods,1666,35,3
Case_Based,150,231,0
Neural_Networks,1136,80,2
Theory,1456,549,6
Neural_Networks,331,238,2
Reinforcement_Learning,1268,220,4
Probabilistic_Methods,1654,468,3
Reinforcement_Learning,1268,220,4
Genetic_Algorithms,747,227,1
Neural_Networks,747,227,2
Probabilistic_Methods,2115,276,3
Neural_Networks,1409,163,2
Theory,686,35,3
Probabilistic_Methods,1268,250,3
Probabilistic_Methods,1268,250,3
Reinforcement_Learning,1136,500,4
Neural_Networks,1409,163,2
Reinforcement_Learning,1687,294,4
Neural_Networks,1409,163,2
Neural_Networks,702,702,2
Neural_Networks,1687,74,2
Reinforcement_Learning,1456,308,6
Theory,1456,2391,6
Theory,1968,417,5
Rule_Learning,686,236,5
Probabilistic_Methods,331,356,3
Probabilistic_Methods,611,74,3
Neural_Networks,1968,35,2
Probabilistic_Methods,1452,84,3
Theory,1456,308,6
Probabilistic_Methods,1268,637,3
Neural_Networks,914,914,2
Theory,1456,517,6
Theory,611,131,3
Neural_Networks,331,420,2
Neural_Networks,747,227,2
Rule_Learning,686,236,5
Theory,1452,131,6
Genetic_Algorithms,1687,163,1
Neural_Networks,747,227,2
Theory,1452,1425,6
Neural_Networks,747,227,2
Neural_Networks,1968,87,2
Neural_Networks,678,678,2
Neural_Networks,709,709,2
Genetic_Algorithms,1136,163,1
Neural_Networks,2187,693,2
Probabilistic_Methods,1452,84,3
Probabilistic_Methods,1654,777,3
Case_Based,66,534,0
Theory,1456,549,6
Neural_Networks,1968,536,2
Genetic_Algorithms,1136,80,1
Genetic_Algorithms,1136,80,4
Case_Based,66,35,0
Case_Based,150,150,0
Case_Based,66,35,0
Neural_Networks,1452,779,2
Case_Based,150,150,0
Neural_Networks,1198,8,2
Neural_Networks,747,747,2
Genetic_Algorithms,1136,163,1
Neural_Networks,686,74,2
Reinforcement_Learning,1687,39,4
Theory,1456,549,6
Theory,2614,227,6
Reinforcement_Learning,2215,163,4
Reinforcement_Learning,1687,294,4
Neural_Networks,1968,87,2
Reinforcement_Learning,1687,294,4
Theory,1456,8,6
Theory,1456,8,6
Probabilistic_Methods,1268,423,3
Probabilistic_Methods,1268,423,3
Reinforcement_Learning,1687,294,4
Theory,611,157,6
Neural_Networks,747,227,2
Reinforcement_Learning,1687,74,4
Reinforcement_Learning,1136,500,4
Reinforcement_Learning,1687,39,4
Reinforcement_Learning,1687,294,4
Reinforcement_Learning,1687,294,4
Reinforcement_Learning,1687,294,4
Reinforcement_Learning,2614,8,4
Theory,2614,227,6
Neural_Networks,1814,212,2
Theory,1968,571,6
Neural_Networks,747,572,2
Probabilistic_Methods,2115,464,3
Theory,1456,8,6
Reinforcement_Learning,1687,294,4
Neural_Networks,1814,212,2
Probabilistic_Methods,1268,250,3
Case_Based,2215,163,0
Neural_Networks,611,35,2
Case_Based,150,581,0
Case_Based,150,150,0
Case_Based,150,228,0
Case_Based,150,284,0
Probabilistic_Methods,1268,87,3
Rule_Learning,686,286,5
Neural_Networks,1968,157,2
Neural_Networks,611,74,2
Reinforcement_Learning,1687,294,4
Neural_Networks,592,592,2
Neural_Networks,2112,365,2
Theory,1456,549,6
Neural_Networks,592,592,2
Case_Based,2215,163,0
Case_Based,2215,163,0
Neural_Networks,1285,595,2
Theory,1198,8,0
Rule_Learning,2215,8,5
Rule_Learning,2649,428,5
Neural_Networks,747,747,2
Neural_Networks,747,227,2
Reinforcement_Learning,1687,294,4
Genetic_Algorithms,1136,163,1
Case_Based,150,150,0
Neural_Networks,611,74,2
Neural_Networks,1814,212,2
Genetic_Algorithms,1136,80,1
Neural_Networks,747,227,2
Neural_Networks,611,74,2
Neural_Networks,1666,87,2
Neural_Networks,747,227,2
Neural_Networks,611,611,2
Case_Based,150,284,0
Neural_Networks,1198,8,2
Theory,1456,8,6
Theory,1456,8,6
Neural_Networks,1198,8,2
Neural_Networks,617,617,3
Theory,686,35,5
Probabilistic_Methods,1452,248,3
Neural_Networks,747,747,3
Reinforcement_Learning,1687,39,4
Neural_Networks,611,74,2
Probabilistic_Methods,1268,1937,3
Theory,747,572,6
Neural_Networks,747,572,2
Neural_Networks,611,74,2
Neural_Networks,686,87,2
Neural_Networks,747,747,2
Case_Based,150,284,0
Neural_Networks,2187,630,2
Neural_Networks,686,87,2
Probabilistic_Methods,686,430,3
Reinforcement_Learning,1687,294,4
Case_Based,686,430,0
Theory,686,430,6
Reinforcement_Learning,1687,294,4
Probabilistic_Methods,1268,637,3
Theory,686,227,6
Probabilistic_Methods,1268,87,3
Theory,1456,549,6
Probabilistic_Methods,611,558,3
Probabilistic_Methods,611,74,3
Case_Based,150,150,0
Reinforcement_Learning,1687,294,4
Probabilistic_Methods,1452,325,3
Probabilistic_Methods,1666,35,3
Probabilistic_Methods,647,647,3
Neural_Networks,2187,693,2
Case_Based,2215,457,0
Reinforcement_Learning,1456,210,4
Neural_Networks,686,430,6
Rule_Learning,2649,249,5
Reinforcement_Learning,1687,294,4
Rule_Learning,686,308,6
Neural_Networks,747,655,2
Reinforcement_Learning,1687,210,4
Reinforcement_Learning,1687,163,4
Genetic_Algorithms,747,163,1
Neural_Networks,747,572,2
Theory,686,430,6
Probabilistic_Methods,2614,74,3
Neural_Networks,611,131,6
Neural_Networks,1409,163,2
Neural_Networks,1285,180,2
Neural_Networks,747,227,2
Neural_Networks,747,745,2
Neural_Networks,611,257,2
Neural_Networks,611,74,2
Rule_Learning,686,236,5
Case_Based,150,150,0
Reinforcement_Learning,1687,294,4
Theory,1456,549,6
Neural_Networks,673,673,2
Neural_Networks,747,227,2
Rule_Learning,2215,344,5
Neural_Networks,1814,212,2
Neural_Networks,1687,74,3
Neural_Networks,678,678,2
Case_Based,150,231,0
Neural_Networks,611,74,2
Genetic_Algorithms,1136,163,1
Reinforcement_Learning,1687,39,4
Case_Based,686,430,0
Probabilistic_Methods,1452,1425,3
Neural_Networks,747,227,2
Case_Based,686,430,0
Neural_Networks,747,204,2
Reinforcement_Learning,1687,74,4
Genetic_Algorithms,1456,163,1
Case_Based,1136,163,2
Reinforcement_Learning,1687,210,4
Theory,747,227,6
Neural_Networks,2187,693,2
Neural_Networks,1268,131,2
Theory,747,426,6
Neural_Networks,611,35,2
Probabilistic_Methods,611,74,3
Neural_Networks,1268,227,2
Reinforcement_Learning,1687,294,4
Theory,747,572,4
Neural_Networks,331,74,2
Neural_Networks,702,702,2
Neural_Networks,747,747,2
Probabilistic_Methods,611,558,3
Neural_Networks,331,420,2
Theory,1456,308,6
Rule_Learning,2649,196,5
Neural_Networks,1268,8,2
Neural_Networks,709,709,2
Theory,747,227,6
Probabilistic_Methods,1666,35,3
Genetic_Algorithms,1136,163,1
Probabilistic_Methods,1452,84,3
Genetic_Algorithms,1136,163,1
Probabilistic_Methods,1452,84,3
Neural_Networks,611,157,2
Genetic_Algorithms,2215,163,1
Neural_Networks,611,157,2
Neural_Networks,1666,87,2
Neural_Networks,747,227,2
Genetic_Algorithms,1136,163,1
Theory,686,227,6
Probabilistic_Methods,1687,294,3
Neural_Networks,747,747,2
Probabilistic_Methods,1654,161,3
Neural_Networks,1814,212,2
Genetic_Algorithms,1136,163,1
Genetic_Algorithms,1136,163,1
Probabilistic_Methods,2115,276,3
Neural_Networks,1285,180,2
Neural_Networks,1814,212,2
Theory,1456,267,6
Reinforcement_Learning,1687,294,4
Reinforcement_Learning,1268,220,4
Rule_Learning,2649,196,5
Neural_Networks,1268,8,2
Neural_Networks,747,127,2
Reinforcement_Learning,1687,39,4
Reinforcement_Learning,1687,39,4
Theory,1687,74,6
Neural_Networks,747,204,2
Probabilistic_Methods,1452,325,3
Genetic_Algorithms,1136,163,1
Genetic_Algorithms,1136,163,1
Neural_Networks,747,745,2
Neural_Networks,1198,8,2
Neural_Networks,747,747,2
Probabilistic_Methods,1654,138,3
Reinforcement_Learning,1687,294,4
Reinforcement_Learning,1843,136,4
Neural_Networks,1198,8,2
Case_Based,2215,163,0
Neural_Networks,1968,35,2
Neural_Networks,686,35,2
Genetic_Algorithms,1136,163,1
Rule_Learning,379,379,5
Genetic_Algorithms,1136,163,1
Genetic_Algorithms,1136,758,1
Probabilistic_Methods,1654,161,3
Case_Based,686,88,0
Theory,1456,761,6
Theory,686,88,6
Neural_Networks,747,227,2
Genetic_Algorithms,1573,910,4
Genetic_Algorithms,1136,163,2
Neural_Networks,611,131,2
Theory,2614,227,6
Probabilistic_Methods,1452,325,3
Genetic_Algorithms,1573,163,1
Neural_Networks,1285,180,2
Neural_Networks,747,747,2
Probabilistic_Methods,1452,325,3
Reinforcement_Learning,1687,210,4
Neural_Networks,611,74,2
Reinforcement_Learning,1687,294,4
Probabilistic_Methods,1452,248,3
Probabilistic_Methods,1654,777,3
Theory,1456,74,6
Neural_Networks,1452,779,2
Genetic_Algorithms,1136,163,1
Genetic_Algorithms,1136,163,1
Neural_Networks,1268,1532,5
Case_Based,2614,227,0
Neural_Networks,1654,845,2
Case_Based,2614,227,0
Theory,1456,791,6
Probabilistic_Methods,1268,423,3
Probabilistic_Methods,1268,1268,3
Genetic_Algorithms,1136,163,1
Theory,686,1510,0
Theory,1456,791,6
Theory,1456,798,6
Genetic_Algorithms,1136,163,1
Theory,2215,795,6
Theory,2215,795,6
Neural_Networks,1629,1629,2
Neural_Networks,747,197,2
Theory,1456,798,6
Case_Based,150,163,0
Genetic_Algorithms,1136,163,1
Case_Based,66,534,0
Probabilistic_Methods,973,973,3
Genetic_Algorithms,1136,243,1
Reinforcement_Learning,1687,74,4
Neural_Networks,1968,747,2
Case_Based,150,150,0
Reinforcement_Learning,1687,294,4
Neural_Networks,1814,212,2
Neural_Networks,1444,441,2
Neural_Networks,1268,157,3
Genetic_Algorithms,1573,910,1
Neural_Networks,1444,1365,2
Genetic_Algorithms,1136,163,1
Neural_Networks,1444,441,2
Genetic_Algorithms,1136,163,1
Neural_Networks,1452,572,2
Case_Based,150,818,0
Case_Based,150,818,0
Case_Based,150,818,0
Neural_Networks,611,829,2
Neural_Networks,611,227,2
Theory,2614,74,6
Neural_Networks,747,227,2
Case_Based,150,1215,0
Case_Based,150,1215,0
Neural_Networks,2614,227,2
Probabilistic_Methods,1452,248,3
Neural_Networks,2614,227,2
Neural_Networks,611,829,2
Neural_Networks,611,829,2
Case_Based,686,35,6
Neural_Networks,611,1701,2
Genetic_Algorithms,1136,163,1
Neural_Networks,1814,212,2
Case_Based,1687,74,0
Theory,686,426,6
Rule_Learning,686,344,5
Probabilistic_Methods,1458,1458,3
Neural_Networks,1814,212,2
Neural_Networks,611,157,2
Probabilistic_Methods,1452,84,3
Reinforcement_Learning,1687,294,4
Reinforcement_Learning,2614,8,4
Genetic_Algorithms,1136,163,1
Neural_Networks,1654,845,2
Genetic_Algorithms,1136,163,1
Theory,1456,848,6
Theory,1456,848,6
Rule_Learning,1720,1720,5
Probabilistic_Methods,1654,845,3
Probabilistic_Methods,611,1491,3
Probabilistic_Methods,1654,161,3
Theory,2614,74,6
Genetic_Algorithms,1136,163,1
Probabilistic_Methods,1654,845,3
Genetic_Algorithms,1136,163,1
Case_Based,150,35,0
Case_Based,66,294,0
Theory,1456,517,6
Genetic_Algorithms,1136,163,1
Theory,2614,8,6
Case_Based,2614,227,0
Neural_Networks,1814,212,2
Neural_Networks,611,611,2
Theory,2215,1505,6
Neural_Networks,747,127,2
Neural_Networks,611,74,2
Reinforcement_Learning,1687,210,4
Probabilistic_Methods,1268,131,3
Reinforcement_Learning,1687,163,4
Probabilistic_Methods,611,74,3
Neural_Networks,1814,212,2
Neural_Networks,1814,212,2
Neural_Networks,1814,212,2
Reinforcement_Learning,1687,294,4
Theory,1456,308,6
Rule_Learning,686,1010,5
Neural_Networks,1654,725,2
Reinforcement_Learning,747,131,4
Genetic_Algorithms,1136,163,1
Neural_Networks,1452,572,2
Reinforcement_Learning,1687,163,4
Case_Based,66,35,0
Theory,1456,549,6
Theory,686,35,6
Neural_Networks,1295,1295,2
Theory,686,35,6
Probabilistic_Methods,1654,468,3
Probabilistic_Methods,1654,1713,3
Neural_Networks,747,127,2
Probabilistic_Methods,1268,423,3
Probabilistic_Methods,1654,1713,3
Rule_Learning,2215,74,5
Probabilistic_Methods,1654,161,3
Probabilistic_Methods,1436,1436,3
Probabilistic_Methods,1654,468,3
Probabilistic_Methods,611,84,3
Probabilistic_Methods,1268,250,3
Neural_Networks,611,611,2
Genetic_Algorithms,686,163,1
Case_Based,150,39,0
Genetic_Algorithms,1573,910,1
Theory,611,611,6
Probabilistic_Methods,1654,1713,3
Probabilistic_Methods,1268,423,3
Neural_Networks,686,74,2
Neural_Networks,611,829,2
Neural_Networks,1444,441,2
Probabilistic_Methods,1452,248,3
Genetic_Algorithms,1573,910,1
Theory,686,286,1
Neural_Networks,1452,84,2
Probabilistic_Methods,1452,248,3
Neural_Networks,914,914,2
Probabilistic_Methods,1268,84,3
Neural_Networks,611,157,2
Probabilistic_Methods,1654,845,3
Neural_Networks,611,829,2
Neural_Networks,1444,441,2
Neural_Networks,1814,212,2
Neural_Networks,611,1725,2
Case_Based,150,581,0
Case_Based,150,581,0
Theory,1456,549,6
Neural_Networks,1268,1532,2
Theory,686,74,2
Case_Based,2614,8,2
Case_Based,686,430,0
Probabilistic_Methods,1687,74,4
Neural_Networks,1968,1254,2
Theory,2614,74,6
Theory,2215,1505,6
Reinforcement_Learning,1687,294,4
Genetic_Algorithms,1136,163,1
Genetic_Algorithms,1136,163,1
Reinforcement_Learning,1687,163,4
Case_Based,686,426,0
Genetic_Algorithms,1136,163,1
Neural_Networks,1242,1242,2
Genetic_Algorithms,1136,163,1
Genetic_Algorithms,1136,163,1
Genetic_Algorithms,1136,163,1
Genetic_Algorithms,1136,163,1
Probabilistic_Methods,686,74,3
Probabilistic_Methods,1268,423,3
Neural_Networks,1968,227,2
Case_Based,2614,8,0
Neural_Networks,2187,1281,2
Neural_Networks,686,74,2
Probabilistic_Methods,1452,84,3
Case_Based,150,74,0
Probabilistic_Methods,1268,1064,3
Genetic_Algorithms,972,972,1
Probabilistic_Methods,1666,227,3
Theory,611,157,6
Genetic_Algorithms,1136,163,1
Theory,1456,306,6
Genetic_Algorithms,1136,163,1
Genetic_Algorithms,1136,163,1
Rule_Learning,150,74,5
Genetic_Algorithms,1687,163,4
Neural_Networks,611,745,2
Rule_Learning,686,344,5
Genetic_Algorithms,1573,910,1
Genetic_Algorithms,1573,910,1
Genetic_Algorithms,1573,910,1
Theory,1456,306,6
Neural_Networks,1968,35,2
Probabilistic_Methods,1666,227,3
Genetic_Algorithms,1687,294,1
Probabilistic_Methods,1452,248,3
Genetic_Algorithms,972,972,1
Probabilistic_Methods,973,973,3
Genetic_Algorithms,1136,163,1
Neural_Networks,611,74,2
Probabilistic_Methods,1268,423,3
Theory,686,426,6
Neural_Networks,1285,180,2
Neural_Networks,611,131,2
Neural_Networks,1968,227,2
Case_Based,1573,910,0
Genetic_Algorithms,1136,163,1
Case_Based,686,430,0
Case_Based,1048,1048,0
Probabilistic_Methods,1843,136,3
Case_Based,2614,2616,5
Probabilistic_Methods,686,74,3
Reinforcement_Learning,1687,163,4
Neural_Networks,1814,212,2
Neural_Networks,1968,747,2
Case_Based,66,294,0
Case_Based,66,1354,0
Probabilistic_Methods,973,973,3
Case_Based,66,1354,0
Genetic_Algorithms,1136,163,1
Probabilistic_Methods,1654,161,3
Rule_Learning,686,236,5
Probabilistic_Methods,1452,84,2
Probabilistic_Methods,1452,74,3
Theory,2614,74,6
Case_Based,66,1354,0
Case_Based,686,430,0
Theory,1456,791,6
Theory,1456,791,6
Neural_Networks,1968,1313,2
Theory,1456,8,6
Rule_Learning,686,344,5
Rule_Learning,686,1010,5
Genetic_Algorithms,1136,163,1
Rule_Learning,686,1010,5
Rule_Learning,686,1010,5
Reinforcement_Learning,1687,39,4
Probabilistic_Methods,1156,1156,3
Neural_Networks,1814,212,2
Probabilistic_Methods,1654,161,3
Genetic_Algorithms,1136,163,1
Neural_Networks,611,74,0
Genetic_Algorithms,1136,163,1
Theory,2614,74,6
Probabilistic_Methods,686,74,3
Neural_Networks,1968,1464,2
Neural_Networks,2187,1281,2
Neural_Networks,1654,725,2
Theory,686,74,6
Theory,1456,308,6
Theory,1456,549,6
Theory,686,74,6
Neural_Networks,1968,536,2
Probabilistic_Methods,1654,725,3
Genetic_Algorithms,1136,163,1
Neural_Networks,2614,8,2
Theory,1456,848,3
Case_Based,2215,344,0
Genetic_Algorithms,1136,163,1
Genetic_Algorithms,1136,163,1
Genetic_Algorithms,1136,80,1
Neural_Networks,1968,227,2
Neural_Networks,611,157,2
Case_Based,66,1354,0
Case_Based,66,1354,0
Neural_Networks,1444,441,5
Neural_Networks,1968,536,2
Neural_Networks,1968,536,2
Neural_Networks,1444,1365,2
Reinforcement_Learning,1687,39,4
Case_Based,150,150,0
Case_Based,150,150,0
Case_Based,1048,1048,0
Rule_Learning,150,74,5
Theory,611,227,6
Neural_Networks,611,227,2
Neural_Networks,611,227,2
Theory,2614,74,6
Genetic_Algorithms,1136,163,1
Neural_Networks,747,227,2
Neural_Networks,1814,212,2
Neural_Networks,2614,87,2
Neural_Networks,1814,212,2
Neural_Networks,747,227,2
Genetic_Algorithms,1136,163,1
Rule_Learning,686,1010,5
Theory,1968,1254,6
Genetic_Algorithms,1136,163,1
Probabilistic_Methods,1268,1937,3
Genetic_Algorithms,1136,163,1
Neural_Networks,611,227,2
Neural_Networks,1814,212,2
Neural_Networks,1814,2499,2
Genetic_Algorithms,1136,163,1
Genetic_Algorithms,1136,163,1
Rule_Learning,150,74,5
Neural_Networks,1814,212,2
Rule_Learning,686,236,2
Theory,2215,344,6
Neural_Networks,611,157,3
Probabilistic_Methods,1452,1078,3
Genetic_Algorithms,1136,163,1
Probabilistic_Methods,1452,1078,3
Neural_Networks,611,611,2
Neural_Networks,1444,441,2
Rule_Learning,686,236,5
Rule_Learning,686,236,5
Probabilistic_Methods,1268,1064,3
Case_Based,66,294,0
Rule_Learning,150,74,5
Probabilistic_Methods,1452,1078,3
Probabilistic_Methods,686,74,3
Neural_Networks,611,611,2
Case_Based,66,1354,0
Neural_Networks,1654,725,2
Neural_Networks,1814,212,2
Theory,2614,74,6
Neural_Networks,747,124,2
Neural_Networks,747,124,2
Theory,1456,798,6
Genetic_Algorithms,1136,163,1
Probabilistic_Methods,1268,423,3
Genetic_Algorithms,1136,163,1
Genetic_Algorithms,1136,163,1
Neural_Networks,1968,1464,2
Case_Based,2614,8,0
Rule_Learning,1843,136,3
Neural_Networks,611,611,2
Theory,686,308,6
Theory,1456,549,6
Genetic_Algorithms,1136,163,1
Case_Based,686,8,0
Probabilistic_Methods,1525,1503,3
Theory,2614,8,6
Genetic_Algorithms,1136,163,1
Case_Based,2614,8,0
Neural_Networks,686,74,2
Genetic_Algorithms,1136,163,1
Genetic_Algorithms,1136,74,1
Neural_Networks,611,829,2
Neural_Networks,1268,8,2
Genetic_Algorithms,1136,74,1
Neural_Networks,1687,74,2
Neural_Networks,1452,572,2
Neural_Networks,747,1677,2
Case_Based,150,150,0
Case_Based,2215,163,0
Case_Based,66,35,0
Theory,1456,308,6
Case_Based,150,818,0
Case_Based,150,581,0
Genetic_Algorithms,1136,163,1
Probabilistic_Methods,1268,131,3
Neural_Networks,1444,441,2
Genetic_Algorithms,1136,163,1
Genetic_Algorithms,1573,910,1
Theory,1268,220,6
Probabilistic_Methods,1666,87,3
Genetic_Algorithms,1136,80,2
Theory,2215,344,6
Genetic_Algorithms,1136,163,1
Reinforcement_Learning,1687,210,4
Case_Based,150,150,0
Genetic_Algorithms,1136,163,1
Genetic_Algorithms,1573,910,1
Probabilistic_Methods,1452,84,3
Genetic_Algorithms,1136,163,1
Genetic_Algorithms,1136,163,1
Neural_Networks,592,592,2
Neural_Networks,1452,1149,2
Neural_Networks,611,74,2
Probabilistic_Methods,1452,84,3
Case_Based,150,231,0
Neural_Networks,1452,1149,2
Neural_Networks,1452,1149,2
Rule_Learning,1350,1350,0
Case_Based,66,35,0
Genetic_Algorithms,1136,163,1
Case_Based,686,35,0
Case_Based,2614,227,0
Probabilistic_Methods,1156,1156,3
Neural_Networks,747,204,2
Probabilistic_Methods,1452,1550,3
Genetic_Algorithms,1136,163,2
Theory,1166,1166,6
Theory,1968,74,6
Probabilistic_Methods,1654,1614,3
Case_Based,150,228,0
Theory,2614,8,6
Rule_Learning,686,227,5
Theory,1166,1166,6
Genetic_Algorithms,1136,1330,1
Probabilistic_Methods,973,973,3
Neural_Networks,747,227,2
Theory,1456,517,6
Neural_Networks,611,227,2
Probabilistic_Methods,1268,84,3
Theory,2614,286,6
Theory,2215,344,5
Genetic_Algorithms,1136,163,1
Neural_Networks,66,35,2
Rule_Learning,686,1180,5
Genetic_Algorithms,1136,163,1
Neural_Networks,1968,227,2
Rule_Learning,686,1180,5
Theory,2614,8,6
Rule_Learning,686,236,5
Reinforcement_Learning,1687,39,4
Genetic_Algorithms,1136,163,1
Theory,2614,74,6
Probabilistic_Methods,1268,220,3
Theory,686,426,6
Neural_Networks,66,35,2
Theory,1687,210,6
Neural_Networks,1444,441,2
Theory,2614,74,6
Reinforcement_Learning,1285,180,4
Reinforcement_Learning,1687,39,4
Case_Based,2215,163,0
Neural_Networks,1452,572,2
Neural_Networks,611,157,2
Theory,2614,74,6
Theory,1456,517,6
Theory,1968,74,6
Neural_Networks,1814,212,3
Probabilistic_Methods,1452,84,3
Reinforcement_Learning,1687,39,4
Neural_Networks,1452,572,2
Genetic_Algorithms,1136,80,1
Genetic_Algorithms,1136,163,1
Genetic_Algorithms,1136,163,1
Genetic_Algorithms,686,163,1
Rule_Learning,2614,344,5
Case_Based,66,35,0
Case_Based,66,35,0
Neural_Networks,1814,212,6
Case_Based,150,581,0
Reinforcement_Learning,1687,39,4
Case_Based,150,163,0
Case_Based,150,1215,0
Genetic_Algorithms,1136,163,1
Reinforcement_Learning,1349,1349,4
Genetic_Algorithms,1136,163,1
Genetic_Algorithms,1136,163,1
Neural_Networks,686,74,2
Genetic_Algorithms,1136,163,1
Neural_Networks,1444,441,2
Theory,1456,74,6
Genetic_Algorithms,1136,163,1
Genetic_Algorithms,1136,163,1
Rule_Learning,686,74,5
Theory,2614,1236,6
Reinforcement_Learning,1687,210,4
Neural_Networks,1444,441,2
Genetic_Algorithms,1136,163,5
Genetic_Algorithms,1136,163,1
Genetic_Algorithms,1136,163,1
Case_Based,150,581,0
Rule_Learning,686,426,0
Theory,686,74,6
Theory,2614,1236,6
Theory,2614,227,2
Theory,1452,74,6
Neural_Networks,1387,1387,2
Probabilistic_Methods,1452,84,3
Probabilistic_Methods,1452,84,3
Neural_Networks,1242,1242,2
Neural_Networks,1814,212,2
Rule_Learning,686,344,5
Neural_Networks,1814,212,2
Neural_Networks,1814,212,2
Neural_Networks,1814,212,6
Case_Based,1687,74,0
Genetic_Algorithms,1136,163,1
Neural_Networks,331,1250,2
Neural_Networks,331,1250,2
Neural_Networks,611,829,2
Reinforcement_Learning,1573,910,1
Neural_Networks,1968,1254,2
Probabilistic_Methods,1654,161,3
Rule_Learning,2614,74,5
Genetic_Algorithms,1136,163,1
Neural_Networks,1814,212,2
Rule_Learning,686,236,5
Theory,686,308,6
Genetic_Algorithms,1136,74,1
Neural_Networks,686,308,2
Case_Based,686,35,0
Genetic_Algorithms,1136,80,1
Neural_Networks,611,1725,2
Neural_Networks,686,426,6
Theory,686,74,6
Probabilistic_Methods,1268,1268,3
Theory,686,308,6
Theory,686,430,0
Rule_Learning,686,236,5
Neural_Networks,2187,1281,2
Theory,2614,227,6
Genetic_Algorithms,1136,163,6
Rule_Learning,686,286,5
Probabilistic_Methods,1525,1503,3
Genetic_Algorithms,1136,163,1
Case_Based,150,284,0
Genetic_Algorithms,1136,163,1
Theory,611,157,6
Neural_Networks,2187,1281,2
Neural_Networks,2187,1281,2
Neural_Networks,747,227,2
Neural_Networks,747,227,2
Neural_Networks,1968,35,2
Genetic_Algorithms,1136,163,1
Probabilistic_Methods,1268,423,3
Probabilistic_Methods,1268,250,3
Neural_Networks,611,157,2
Theory,686,74,6
Probabilistic_Methods,1268,131,3
Rule_Learning,150,74,5
Neural_Networks,1968,35,2
Probabilistic_Methods,1268,84,3
Neural_Networks,1295,1295,2
Theory,1456,267,6
Rule_Learning,2215,344,5
Neural_Networks,1968,35,2
Genetic_Algorithms,1136,163,1
Neural_Networks,1814,212,2
Rule_Learning,150,426,5
Case_Based,686,430,0
Genetic_Algorithms,1136,163,1
Case_Based,66,1354,0
Genetic_Algorithms,1136,163,1
Theory,611,227,6
Neural_Networks,2614,87,2
Probabilistic_Methods,1525,1503,3
Theory,1268,220,6
Theory,611,227,6
Genetic_Algorithms,1573,910,1
Rule_Learning,686,308,5
Neural_Networks,1968,1313,2
Reinforcement_Learning,1687,163,4
Neural_Networks,611,611,2
Reinforcement_Learning,1687,39,4
Case_Based,66,1354,0
Neural_Networks,747,227,2
Genetic_Algorithms,1391,1391,1
Neural_Networks,1814,212,2
Neural_Networks,1444,441,2
Theory,686,74,6
Neural_Networks,1452,1149,2
Probabilistic_Methods,1452,248,3
Genetic_Algorithms,1136,163,1
Probabilistic_Methods,1452,248,3
Rule_Learning,686,227,5
Neural_Networks,2614,8,2
Theory,150,74,6
Genetic_Algorithms,1136,163,1
Genetic_Algorithms,1136,1330,1
Genetic_Algorithms,1136,1330,1
Genetic_Algorithms,1136,163,1
Genetic_Algorithms,1136,163,0
Probabilistic_Methods,686,74,3
Probabilistic_Methods,686,74,3
Theory,686,74,3
Probabilistic_Methods,1654,845,3
Theory,2614,8,6
Neural_Networks,611,157,3
Neural_Networks,1444,1365,2
Neural_Networks,1814,212,2
Theory,1456,791,6
Case_Based,150,150,0
Case_Based,150,150,0
Neural_Networks,2187,1281,2
Probabilistic_Methods,1452,84,3
Case_Based,150,284,0
Reinforcement_Learning,1349,1349,4
Case_Based,1350,1350,0
Genetic_Algorithms,686,163,1
Neural_Networks,1843,611,2
Genetic_Algorithms,1136,163,1
Case_Based,66,1354,0
Case_Based,150,150,0
Neural_Networks,2614,227,2
Probabilistic_Methods,1268,250,3
Theory,1456,308,6
Neural_Networks,2614,87,2
Theory,1456,798,6
Theory,747,74,3
Genetic_Algorithms,1136,163,1
Theory,1456,549,6
Theory,1456,791,6
Neural_Networks,1444,1365,2
Neural_Networks,611,74,2
Case_Based,150,818,0
Case_Based,66,35,0
Genetic_Algorithms,1136,163,1
Rule_Learning,1843,136,0
Genetic_Algorithms,1136,74,1
Probabilistic_Methods,1654,1713,3
Neural_Networks,611,74,2
Neural_Networks,1268,131,3
Probabilistic_Methods,611,157,3
Reinforcement_Learning,1687,39,4
Case_Based,66,35,0
Reinforcement_Learning,1687,294,4
Genetic_Algorithms,1136,163,1
Genetic_Algorithms,1136,163,1
Probabilistic_Methods,1814,212,2
Neural_Networks,1968,35,2
Neural_Networks,331,80,2
Neural_Networks,331,80,2
Case_Based,150,163,0
Theory,1136,8,6
Neural_Networks,1387,1387,2
Theory,686,74,6
Neural_Networks,611,227,2
Theory,611,1491,6
Genetic_Algorithms,1391,1391,1
Genetic_Algorithms,1136,163,1
Probabilistic_Methods,1268,423,3
Neural_Networks,1456,306,2
Genetic_Algorithms,1541,1541,1
Genetic_Algorithms,1687,294,1
Probabilistic_Methods,1268,423,3
Neural_Networks,331,80,2
Neural_Networks,747,74,2
Theory,1456,306,6
Case_Based,150,74,0
Neural_Networks,1456,848,2
Probabilistic_Methods,686,74,3
Genetic_Algorithms,1136,163,1
Neural_Networks,747,74,2
Neural_Networks,747,74,2
Case_Based,2614,227,0
Genetic_Algorithms,1136,163,1
Genetic_Algorithms,1136,163,1
Genetic_Algorithms,1136,163,1
Neural_Networks,1452,572,2
Case_Based,2614,8,2
Case_Based,1843,136,0
Probabilistic_Methods,1268,423,3
Probabilistic_Methods,1525,1503,3
Case_Based,150,581,0
Neural_Networks,611,227,2
Neural_Networks,1814,212,2
Probabilistic_Methods,1452,1550,3
Case_Based,150,150,0
Neural_Networks,611,227,2
Neural_Networks,2614,227,2
Neural_Networks,2614,8,2
Genetic_Algorithms,1136,163,1
Probabilistic_Methods,1452,1425,3
Case_Based,66,1354,0
Probabilistic_Methods,1452,1425,3
Rule_Learning,686,74,5
Rule_Learning,2614,344,5
Neural_Networks,2614,227,2
Neural_Networks,2614,8,2
Genetic_Algorithms,1573,910,1
Theory,1456,798,6
Rule_Learning,2614,344,5
Neural_Networks,1968,536,2
Probabilistic_Methods,1436,1436,3
Probabilistic_Methods,1268,423,3
Reinforcement_Learning,1687,294,4
Genetic_Algorithms,1136,243,1
Reinforcement_Learning,1687,294,4
Genetic_Algorithms,1136,163,1
Rule_Learning,2215,344,5
Reinforcement_Learning,1687,294,4
Theory,2215,344,6
Rule_Learning,2215,344,5
Neural_Networks,2187,1281,2
Reinforcement_Learning,1687,163,4
Case_Based,2215,163,0
Theory,1456,308,3
Neural_Networks,1814,212,2
Neural_Networks,2187,1281,2
Neural_Networks,611,157,2
Case_Based,66,35,0
Neural_Networks,747,227,2
Genetic_Algorithms,1136,163,1
Theory,1456,791,6
Neural_Networks,2614,227,2
Probabilistic_Methods,1458,1458,3
Reinforcement_Learning,1687,294,4
Theory,1456,549,6
Neural_Networks,1268,250,3
Neural_Networks,2614,87,2
Probabilistic_Methods,747,74,3
Neural_Networks,1968,1464,2
Case_Based,66,1354,0
Genetic_Algorithms,1136,163,1
Genetic_Algorithms,1136,163,1
Theory,1456,848,6
Theory,1456,791,6
Neural_Networks,1968,227,2
Neural_Networks,2187,1281,2
Neural_Networks,1654,725,2
Genetic_Algorithms,1136,163,1
Genetic_Algorithms,1136,163,1
Case_Based,66,1642,0
Genetic_Algorithms,1136,163,1
Neural_Networks,611,829,2
Probabilistic_Methods,686,74,3
Probabilistic_Methods,1843,136,3
Neural_Networks,1456,549,2
Genetic_Algorithms,1573,910,1
Theory,2614,74,6
Case_Based,150,35,0
Theory,2614,74,6
Neural_Networks,611,829,2
Rule_Learning,686,1010,5
Neural_Networks,1268,227,5
Neural_Networks,1968,227,2
Rule_Learning,686,344,5
Neural_Networks,1968,227,2
Theory,611,1491,6
Theory,611,74,6
Neural_Networks,611,74,2
Neural_Networks,2187,1281,2
Genetic_Algorithms,1136,163,1
Case_Based,150,818,0
Case_Based,150,581,0
Case_Based,150,228,5
Neural_Networks,611,227,2
Theory,686,74,6
Neural_Networks,2187,630,2
Probabilistic_Methods,1268,250,3
Probabilistic_Methods,1525,1503,3
Probabilistic_Methods,1525,1503,3
Theory,2215,1505,6
Probabilistic_Methods,1525,1503,3
Probabilistic_Methods,1525,1503,3
Neural_Networks,611,74,2
Neural_Networks,592,592,2
Theory,686,1510,0
Neural_Networks,1268,250,3
Probabilistic_Methods,686,74,3
Case_Based,2614,227,0
Theory,2614,74,6
Reinforcement_Learning,1687,163,4
Genetic_Algorithms,1136,163,1
Neural_Networks,1612,1612,2
Genetic_Algorithms,1687,163,1
Rule_Learning,686,344,5
Neural_Networks,1814,212,2
Theory,2614,74,2
Theory,2614,74,6
Genetic_Algorithms,1136,163,1
Neural_Networks,1814,212,2
Probabilistic_Methods,1525,1503,3
Neural_Networks,1814,212,2
Probabilistic_Methods,1452,248,3
Rule_Learning,1268,227,5
Reinforcement_Learning,1687,163,4
Genetic_Algorithms,1136,163,1
Case_Based,686,35,0
Probabilistic_Methods,1268,1532,2
Genetic_Algorithms,1136,163,1
Case_Based,150,284,0
Case_Based,150,284,0
Genetic_Algorithms,1687,163,1
Case_Based,150,284,0
Neural_Networks,611,74,2
Rule_Learning,686,136,5
Reinforcement_Learning,1687,294,4
Genetic_Algorithms,1541,1541,1
Case_Based,66,534,0
Probabilistic_Methods,1452,248,3
Genetic_Algorithms,1136,163,1
Probabilistic_Methods,686,1078,3
Reinforcement_Learning,1687,39,4
Neural_Networks,747,227,2
Probabilistic_Methods,1268,131,3
Probabilistic_Methods,2115,248,3
Theory,1452,1550,3
Neural_Networks,914,914,2
Case_Based,150,39,0
Case_Based,150,39,0
Case_Based,150,39,0
Probabilistic_Methods,1452,1550,3
Case_Based,150,284,6
Reinforcement_Learning,1687,210,4
Genetic_Algorithms,1136,163,1
Neural_Networks,1687,74,4
Reinforcement_Learning,1456,267,6
Theory,1456,306,6
Neural_Networks,686,87,2
Genetic_Algorithms,1136,243,1
Neural_Networks,611,611,2
Genetic_Algorithms,611,611,2
Theory,1456,308,6
Theory,1456,308,6
Case_Based,2614,8,0
Rule_Learning,686,1010,6
Case_Based,2614,8,0
Genetic_Algorithms,1136,163,1
Genetic_Algorithms,1136,163,1
Reinforcement_Learning,1573,910,4
Case_Based,611,74,0
Genetic_Algorithms,1136,163,1
Theory,686,426,6
Genetic_Algorithms,747,163,1
Rule_Learning,686,1010,5
Neural_Networks,611,611,2
Genetic_Algorithms,1456,163,1
Reinforcement_Learning,1687,163,4
Probabilistic_Methods,686,1078,3
Neural_Networks,1409,163,2
Case_Based,2614,8,0
Reinforcement_Learning,1687,39,4
Theory,686,74,6
Rule_Learning,686,1010,6
Genetic_Algorithms,1136,74,1
Reinforcement_Learning,1573,910,4
Genetic_Algorithms,1573,910,1
Neural_Networks,611,227,2
Neural_Networks,1968,35,2
Probabilistic_Methods,1268,8,3
Genetic_Algorithms,1136,163,1
Theory,2614,426,6
Rule_Learning,686,344,5
Case_Based,150,231,0
Genetic_Algorithms,1136,163,1
Reinforcement_Learning,1687,74,4
Neural_Networks,1968,227,2
Neural_Networks,2614,74,2
Probabilistic_Methods,2115,248,3
Genetic_Algorithms,1136,74,1
Neural_Networks,2187,1281,2
Theory,611,1491,6
Neural_Networks,1968,35,2
Theory,1456,74,6
Probabilistic_Methods,686,74,6
Rule_Learning,686,1010,5
Neural_Networks,1968,227,2
Genetic_Algorithms,1136,163,1
Neural_Networks,1612,1612,2
Probabilistic_Methods,1654,1614,3
Probabilistic_Methods,1654,1614,3
Neural_Networks,1444,441,2
Reinforcement_Learning,1687,163,4
Case_Based,686,8,0
Theory,686,74,6
Probabilistic_Methods,1654,1614,3
Rule_Learning,686,1180,5
Case_Based,2215,163,0
Rule_Learning,686,74,5
Neural_Networks,1968,1313,2
Probabilistic_Methods,1452,1550,3
Reinforcement_Learning,1456,163,4
Case_Based,2614,8,0
Rule_Learning,686,136,0
Genetic_Algorithms,1136,163,1
Neural_Networks,1629,1629,2
Neural_Networks,1452,572,2
Genetic_Algorithms,1136,163,1
Reinforcement_Learning,1687,39,4
Neural_Networks,2187,1281,2
Neural_Networks,611,74,2
Case_Based,150,163,0
Case_Based,686,430,0
Neural_Networks,686,87,2
Genetic_Algorithms,1136,163,1
Neural_Networks,1444,441,2
Case_Based,150,150,0
Probabilistic_Methods,1687,74,3
Case_Based,66,1642,0
Reinforcement_Learning,1687,210,4
Neural_Networks,2614,74,2
Neural_Networks,747,197,2
Genetic_Algorithms,1136,163,1
Theory,686,430,6
Case_Based,150,150,0
Reinforcement_Learning,1687,210,4
Genetic_Algorithms,1136,163,1
Rule_Learning,686,1010,5
Neural_Networks,747,124,2
Case_Based,150,163,0
Probabilistic_Methods,1654,845,3
Neural_Networks,1968,1313,2
Neural_Networks,1814,212,2
Neural_Networks,2614,87,2
Theory,1456,549,6
Neural_Networks,747,124,2
Probabilistic_Methods,1268,1064,3
Theory,1456,308,6
Genetic_Algorithms,1136,80,1
Genetic_Algorithms,1136,426,1
Neural_Networks,1687,74,2
Case_Based,66,35,0
Probabilistic_Methods,1666,87,3
Neural_Networks,1687,74,6
Neural_Networks,611,227,2
Theory,2614,1236,6
Genetic_Algorithms,1136,163,1
Theory,686,74,6
Neural_Networks,611,611,2
Genetic_Algorithms,1573,910,1
Case_Based,66,35,0
Genetic_Algorithms,1136,163,1
Neural_Networks,1687,74,2
Neural_Networks,747,1677,2
Theory,2614,8,6
Rule_Learning,686,87,5
Case_Based,66,35,0
Probabilistic_Methods,1682,1682,3
Probabilistic_Methods,1682,1682,3
Theory,1687,74,6
Rule_Learning,686,236,5
Genetic_Algorithms,1136,163,1
Rule_Learning,686,344,5
Reinforcement_Learning,1687,210,4
Genetic_Algorithms,1687,163,1
Genetic_Algorithms,1136,80,1
Genetic_Algorithms,1136,163,1
Genetic_Algorithms,1136,163,1
Theory,2614,74,6
Reinforcement_Learning,1687,210,4
Genetic_Algorithms,1136,163,1
Case_Based,66,1354,0
Genetic_Algorithms,1136,163,1
Neural_Networks,1687,74,4
Case_Based,686,430,0
Case_Based,150,163,0
Neural_Networks,747,204,2
Neural_Networks,611,1701,2
Theory,1968,74,6
Reinforcement_Learning,1687,74,4
Neural_Networks,747,204,2
Theory,1456,549,6
Case_Based,150,163,0
Case_Based,150,1215,0
Theory,1136,163,6
Neural_Networks,1814,212,2
Neural_Networks,1814,212,2
Reinforcement_Learning,1687,163,4
Theory,1456,308,6
Probabilistic_Methods,1654,1713,3
Probabilistic_Methods,1458,1458,3
Genetic_Algorithms,1136,163,1
Probabilistic_Methods,1654,1713,3
Genetic_Algorithms,1136,163,1
Neural_Networks,611,157,2
Genetic_Algorithms,1136,163,1
Rule_Learning,1720,1720,5
Rule_Learning,686,1010,5
Probabilistic_Methods,1654,1614,3
Probabilistic_Methods,1654,1614,3
Neural_Networks,611,74,2
Neural_Networks,611,1725,2
Rule_Learning,686,236,5
Theory,1687,39,6
Genetic_Algorithms,1136,163,1
Genetic_Algorithms,1136,163,1
Genetic_Algorithms,1136,163,1
Probabilistic_Methods,1654,468,3
Neural_Networks,2614,74,2
Probabilistic_Methods,1654,1713,3
Genetic_Algorithms,1136,163,1
Case_Based,686,430,0
Genetic_Algorithms,1136,163,1
Genetic_Algorithms,1136,163,1
Genetic_Algorithms,1136,80,1
Theory,611,558,6
Genetic_Algorithms,1136,163,1
Reinforcement_Learning,1687,39,4
Probabilistic_Methods,1654,725,3
Genetic_Algorithms,686,430,1
Neural_Networks,2041,2041,2
Genetic_Algorithms,1136,163,1
Neural_Networks,1948,1948,2
Probabilistic_Methods,1452,248,3
Theory,1456,267,6
Probabilistic_Methods,1268,2164,3
Rule_Learning,2649,196,5
Neural_Networks,1751,2691,2
Case_Based,150,150,0
Neural_Networks,747,2275,2
Reinforcement_Learning,611,80,4
Neural_Networks,611,611,2
Genetic_Algorithms,1136,426,1
Probabilistic_Methods,1268,1268,3
Reinforcement_Learning,747,227,4
Probabilistic_Methods,1759,2288,3
Neural_Networks,747,227,2
Probabilistic_Methods,1654,126,3
Theory,1968,571,6
Neural_Networks,1968,87,2
Probabilistic_Methods,1770,1770,3
Probabilistic_Methods,1770,1770,3
Neural_Networks,747,197,2
Reinforcement_Learning,1136,500,4
Reinforcement_Learning,1136,500,4
Genetic_Algorithms,1136,163,1
Neural_Networks,1770,1770,2
Genetic_Algorithms,1136,163,1
Neural_Networks,747,2307,3
Neural_Networks,1968,2178,2
Neural_Networks,1968,747,2
Genetic_Algorithms,1968,163,1
Rule_Learning,1843,136,5
Probabilistic_Methods,1802,1802,3
Neural_Networks,747,127,6
Reinforcement_Learning,611,2007,4
Reinforcement_Learning,611,2007,4
Rule_Learning,2215,8,5
Reinforcement_Learning,1687,294,4
Probabilistic_Methods,1654,725,3
Genetic_Algorithms,1136,163,1
Genetic_Algorithms,1136,163,1
Theory,747,227,4
Neural_Networks,1814,2499,2
Neural_Networks,1968,2178,2
Neural_Networks,1789,2469,2
Genetic_Algorithms,1136,163,1
Reinforcement_Learning,1687,39,4
Theory,150,163,6
Neural_Networks,1968,2178,2
Neural_Networks,1968,2178,2
Neural_Networks,1968,2178,2
Genetic_Algorithms,1136,163,1
Genetic_Algorithms,1136,163,1
Neural_Networks,2120,2120,2
Genetic_Algorithms,1136,163,1
Probabilistic_Methods,2115,1995,3
Neural_Networks,1814,212,2
Probabilistic_Methods,1802,1802,3
Probabilistic_Methods,1654,84,3
Case_Based,1805,1805,0
Case_Based,1805,1805,0
Neural_Networks,611,257,2
Genetic_Algorithms,1136,163,1
Theory,686,227,6
Case_Based,686,35,0
Neural_Networks,747,197,2
Neural_Networks,747,204,2
Neural_Networks,2614,227,2
Neural_Networks,1409,163,2
Neural_Networks,1814,212,2
Neural_Networks,331,238,2
Reinforcement_Learning,1687,294,4
Neural_Networks,1817,2464,2
Neural_Networks,1409,163,2
Rule_Learning,2215,8,5
Neural_Networks,747,227,2
Neural_Networks,1814,212,2
Neural_Networks,1968,87,6
Theory,686,136,6
Theory,2614,404,6
Neural_Networks,611,131,2
Genetic_Algorithms,1456,163,1
Theory,1198,8,6
Reinforcement_Learning,1687,2018,4
Probabilistic_Methods,611,74,3
Case_Based,686,35,0
Genetic_Algorithms,1136,163,1
Genetic_Algorithms,1136,163,1
Theory,686,74,6
Genetic_Algorithms,1136,163,1
Theory,1456,267,6
Genetic_Algorithms,1136,163,1
Rule_Learning,2614,319,5
Probabilistic_Methods,1666,35,3
Genetic_Algorithms,1136,163,1
Genetic_Algorithms,1136,163,1
Reinforcement_Learning,1687,39,4
Probabilistic_Methods,1268,1268,3
Case_Based,150,136,0
Reinforcement_Learning,611,131,4
Reinforcement_Learning,611,131,4
Neural_Networks,427,1927,2
Neural_Networks,427,1927,2
Theory,1456,791,6
Rule_Learning,2163,2163,5
Genetic_Algorithms,1136,163,1
Neural_Networks,1409,163,2
Probabilistic_Methods,1654,2578,3
Theory,1198,1861,6
Case_Based,66,1855,0
Case_Based,66,1855,0
Probabilistic_Methods,611,74,3
Probabilistic_Methods,611,160,3
Theory,1858,2481,6
Reinforcement_Learning,1687,39,4
Case_Based,686,39,0
Theory,1198,1861,1
Theory,2614,1964,6
Theory,2614,1964,6
Case_Based,66,1855,0
Neural_Networks,1198,8,2
Neural_Networks,66,35,2
Neural_Networks,611,80,2
Probabilistic_Methods,611,74,3
Neural_Networks,611,80,4
Probabilistic_Methods,1654,1713,3
Neural_Networks,1814,2499,2
Genetic_Algorithms,1136,163,1
Neural_Networks,1998,1998,2
Neural_Networks,1920,1920,2
Theory,1968,35,6
Probabilistic_Methods,2614,74,3
Case_Based,2215,163,1
Genetic_Algorithms,1198,8,1
Neural_Networks,747,227,2
Genetic_Algorithms,1136,163,1
Rule_Learning,150,228,5
Case_Based,1989,1989,0
Genetic_Algorithms,1136,163,1
Neural_Networks,747,745,2
Neural_Networks,747,745,2
Neural_Networks,747,745,2
Neural_Networks,747,227,2
Theory,1456,2391,6
Neural_Networks,1285,74,2
Genetic_Algorithms,1136,163,1
Neural_Networks,1968,536,2
Case_Based,1136,163,0
Neural_Networks,2614,404,2
Probabilistic_Methods,1452,248,3
Neural_Networks,2614,404,2
Neural_Networks,1409,163,2
Theory,1456,267,6
Probabilistic_Methods,1268,324,3
Probabilistic_Methods,1268,8,3
Probabilistic_Methods,1268,250,3
Probabilistic_Methods,2115,1995,3
Neural_Networks,747,745,2
Neural_Networks,747,747,2
Case_Based,66,150,0
Genetic_Algorithms,1136,163,1
Probabilistic_Methods,611,74,3
Probabilistic_Methods,2115,1995,3
Probabilistic_Methods,1666,35,3
Probabilistic_Methods,686,1078,3
Probabilistic_Methods,331,227,3
Genetic_Algorithms,1136,163,1
Neural_Networks,747,127,2
Probabilistic_Methods,1654,84,3
Neural_Networks,611,227,2
Neural_Networks,1981,1981,2
Neural_Networks,747,124,2
Genetic_Algorithms,1136,163,1
Theory,686,74,6
Rule_Learning,686,344,5
Neural_Networks,1920,1920,2
Genetic_Algorithms,1136,163,1
Probabilistic_Methods,1814,212,3
Neural_Networks,611,74,2
Theory,1456,2327,6
Genetic_Algorithms,1136,163,1
Probabilistic_Methods,1654,138,3
Neural_Networks,427,1927,2
Neural_Networks,611,74,2
Neural_Networks,2349,2349,2
Genetic_Algorithms,1930,2512,1
Genetic_Algorithms,1136,163,1
Neural_Networks,747,127,2
Probabilistic_Methods,1654,138,3
Probabilistic_Methods,1268,423,4
Neural_Networks,611,611,2
Genetic_Algorithms,1136,163,1
Probabilistic_Methods,1268,1937,3
Probabilistic_Methods,1770,1770,3
Neural_Networks,747,2307,2
Genetic_Algorithms,1136,163,1
Probabilistic_Methods,1654,138,3
Probabilistic_Methods,1942,2573,3
Genetic_Algorithms,1136,163,1
Rule_Learning,686,136,5
Probabilistic_Methods,2115,276,3
Genetic_Algorithms,1136,163,1
Neural_Networks,686,430,0
Neural_Networks,1948,1948,2
Neural_Networks,1960,1960,2
Genetic_Algorithms,1136,163,1
Case_Based,66,294,0
Neural_Networks,1409,163,2
Neural_Networks,1198,8,2
Reinforcement_Learning,1285,180,4
Rule_Learning,2149,2149,5
Rule_Learning,2649,196,5
Reinforcement_Learning,1687,294,4
Genetic_Algorithms,1136,163,1
Genetic_Algorithms,1136,163,1
Neural_Networks,1960,1960,2
Rule_Learning,2649,196,5
Theory,1456,8,6
Rule_Learning,686,286,5
Theory,2614,1964,6
Genetic_Algorithms,1136,163,1
Neural_Networks,611,131,2
Theory,747,426,6
Neural_Networks,1968,747,2
Reinforcement_Learning,1136,163,4
Neural_Networks,1285,74,2
Genetic_Algorithms,1136,163,1
Probabilistic_Methods,1972,2620,3
Genetic_Algorithms,1136,80,1
Neural_Networks,611,257,2
Reinforcement_Learning,1687,2655,4
Case_Based,66,1855,0
Probabilistic_Methods,1654,1713,3
Probabilistic_Methods,1654,1713,3
Reinforcement_Learning,611,131,4
Genetic_Algorithms,1136,163,1
Neural_Networks,1981,1981,2
Probabilistic_Methods,1654,1713,3
Probabilistic_Methods,1687,39,3
Genetic_Algorithms,1136,163,1
Genetic_Algorithms,1136,163,1
Theory,686,74,6
Case_Based,2614,35,0
Probabilistic_Methods,2401,2401,3
Case_Based,1989,1989,0
Neural_Networks,1285,595,2
Probabilistic_Methods,1654,1713,3
Probabilistic_Methods,1654,1713,3
Probabilistic_Methods,2115,276,3
Probabilistic_Methods,2115,1995,3
Probabilistic_Methods,2115,1995,3
Neural_Networks,1997,1997,2
Neural_Networks,1997,1997,2
Neural_Networks,1998,1998,2
Genetic_Algorithms,747,2003,1
Probabilistic_Methods,2115,276,3
Genetic_Algorithms,1136,163,1
Probabilistic_Methods,1654,1713,3
Genetic_Algorithms,747,2003,1
Theory,1456,8,6
Theory,1198,2418,6
Theory,2614,404,6
Reinforcement_Learning,611,2007,4
Probabilistic_Methods,1654,1713,3
Rule_Learning,2009,2534,5
Case_Based,686,286,6
Theory,1456,267,6
Theory,2614,286,6
Neural_Networks,611,74,2
Reinforcement_Learning,1687,2018,4
Theory,1456,2327,6
Probabilistic_Methods,2115,276,3
Probabilistic_Methods,686,1078,3
Reinforcement_Learning,1687,2018,4
Neural_Networks,1814,157,2
Neural_Networks,611,160,3
Neural_Networks,747,87,2
Probabilistic_Methods,1654,1713,3
Neural_Networks,2614,286,2
Neural_Networks,747,127,2
Probabilistic_Methods,1654,468,3
Neural_Networks,1814,212,2
Reinforcement_Learning,1687,294,4
Theory,1456,308,6
Neural_Networks,1409,163,2
Genetic_Algorithms,1136,163,1
Theory,686,344,6
Rule_Learning,686,344,6
Neural_Networks,686,430,2
Probabilistic_Methods,1456,2327,3
Case_Based,66,294,0
Theory,1456,267,6
Case_Based,2614,8,0
Case_Based,1843,136,0
Genetic_Algorithms,1136,163,1
Theory,1456,8,6
Neural_Networks,2041,2041,2
Neural_Networks,686,88,2
Neural_Networks,611,257,2
Neural_Networks,747,74,2
Rule_Learning,686,227,5
Neural_Networks,1198,8,2
Genetic_Algorithms,1136,163,1
Case_Based,66,1855,0
Neural_Networks,747,87,2
Neural_Networks,611,611,2
Reinforcement_Learning,1136,163,4
Case_Based,150,35,0
Theory,1456,549,6
Theory,1456,549,6
Genetic_Algorithms,611,611,1
Neural_Networks,611,157,2
Case_Based,686,1510,0
Genetic_Algorithms,1136,163,1
Theory,1968,308,6
Case_Based,150,35,0
Case_Based,686,35,0
Case_Based,150,35,0
Probabilistic_Methods,2063,2494,4
Probabilistic_Methods,1802,1802,3
Genetic_Algorithms,1136,163,1
Theory,1843,136,6
Theory,150,163,6
Neural_Networks,747,124,2
Probabilistic_Methods,1452,248,3
Rule_Learning,2070,2602,5
Case_Based,686,35,0
Neural_Networks,611,257,2
Theory,1409,163,6
Case_Based,686,430,0
Case_Based,66,1855,0
Probabilistic_Methods,1452,248,3
Genetic_Algorithms,1136,163,1
Probabilistic_Methods,1687,39,3
Rule_Learning,686,74,5
Theory,686,74,5
Probabilistic_Methods,331,227,3
Genetic_Algorithms,1968,2178,1
Neural_Networks,1198,8,6
Neural_Networks,686,430,2
Neural_Networks,747,124,2
Genetic_Algorithms,1136,163,1
Genetic_Algorithms,1136,163,1
Probabilistic_Methods,1452,248,3
Genetic_Algorithms,1136,74,1
Neural_Networks,686,74,2
Case_Based,686,136,5
Theory,1456,308,6
Neural_Networks,1285,163,2
Probabilistic_Methods,1268,2164,3
Neural_Networks,611,157,2
Rule_Learning,2142,2142,1
Probabilistic_Methods,2115,1995,3
Theory,1456,308,6
Theory,1456,308,6
Rule_Learning,2649,196,5
Genetic_Algorithms,1136,163,1
Genetic_Algorithms,1136,163,2
Genetic_Algorithms,1136,163,1
Genetic_Algorithms,1136,163,1
Neural_Networks,2105,2621,2
Rule_Learning,2649,196,5
Neural_Networks,1198,8,2
Probabilistic_Methods,1268,324,3
Neural_Networks,2185,2185,2
Theory,1198,8,6
Genetic_Algorithms,1136,163,1
Neural_Networks,2112,365,2
Theory,1285,74,6
Probabilistic_Methods,611,74,2
Probabilistic_Methods,2115,276,3
Genetic_Algorithms,1968,163,1
Neural_Networks,2117,2639,2
Reinforcement_Learning,1687,74,4
Neural_Networks,2154,2154,2
Neural_Networks,2120,2120,1
Neural_Networks,2212,2212,2
Case_Based,66,1855,0
Case_Based,66,457,0
Neural_Networks,611,74,2
Neural_Networks,1968,163,2
Rule_Learning,686,80,5
Probabilistic_Methods,686,74,3
Case_Based,1136,163,0
Neural_Networks,1814,212,2
Genetic_Algorithms,1136,163,1
Case_Based,1136,163,0
Rule_Learning,2614,319,5
Genetic_Algorithms,1136,163,1
Theory,2134,2644,6
Neural_Networks,2614,286,2
Probabilistic_Methods,2148,2148,3
Case_Based,686,74,6
Probabilistic_Methods,331,157,2
Genetic_Algorithms,1136,163,1
Probabilistic_Methods,1268,324,3
Theory,1198,2418,6
Rule_Learning,2142,2142,5
Neural_Networks,1968,2178,2
Probabilistic_Methods,1452,248,3
Theory,1687,163,4
Theory,1456,267,6
Neural_Networks,1814,2499,2
Probabilistic_Methods,2148,2148,3
Rule_Learning,2149,2149,5
Reinforcement_Learning,1285,180,4
Case_Based,2614,8,0
Genetic_Algorithms,1136,163,1
Probabilistic_Methods,1654,1713,3
Neural_Networks,2154,2154,2
Neural_Networks,1456,228,2
Theory,1456,308,6
Case_Based,66,35,0
Rule_Learning,150,228,5
Probabilistic_Methods,331,227,3
Probabilistic_Methods,1452,248,3
Probabilistic_Methods,1452,248,3
Neural_Networks,1285,745,2
Rule_Learning,2163,2163,5
Probabilistic_Methods,1268,2164,3
Genetic_Algorithms,1136,80,1
Probabilistic_Methods,1452,248,3
Probabilistic_Methods,1452,248,3
Theory,1456,549,6
Probabilistic_Methods,686,74,3
Genetic_Algorithms,1136,163,1
Rule_Learning,686,344,6
Theory,1843,136,6
Genetic_Algorithms,1136,163,1
Reinforcement_Learning,1573,910,4
Genetic_Algorithms,1136,163,1
Neural_Networks,611,227,2
Genetic_Algorithms,1136,163,1
Neural_Networks,1968,2178,2
Reinforcement_Learning,1285,180,4
Theory,686,74,6
Neural_Networks,1968,2178,2
Theory,1456,267,6
Reinforcement_Learning,1285,180,4
Case_Based,150,228,0
Neural_Networks,2185,2185,2
Neural_Networks,2187,2321,2
Neural_Networks,2187,693,2
Rule_Learning,2149,2149,2
Rule_Learning,2149,2149,5
Rule_Learning,2149,2149,5
Neural_Networks,747,747,2
Genetic_Algorithms,686,430,1
Genetic_Algorithms,1136,80,1
Rule_Learning,2149,2149,5
Rule_Learning,686,286,5
Genetic_Algorithms,1136,163,1
Theory,686,430,6
Theory,1456,267,6
Genetic_Algorithms,1136,163,1
Genetic_Algorithms,1136,163,1
Neural_Networks,747,747,2
Genetic_Algorithms,1136,163,1
Neural_Networks,1452,572,2
Genetic_Algorithms,1136,163,1
Genetic_Algorithms,1136,163,1
Genetic_Algorithms,1136,163,1
Reinforcement_Learning,747,227,4
Probabilistic_Methods,1654,126,3
Reinforcement_Learning,1687,2655,4
Theory,686,227,6
Genetic_Algorithms,1136,163,1
Neural_Networks,2212,2212,2
Rule_Learning,686,80,5
Neural_Networks,331,420,2
Case_Based,2215,163,5
Genetic_Algorithms,1136,163,1
Rule_Learning,686,344,5
Neural_Networks,747,87,2
Probabilistic_Methods,1654,1713,3
Genetic_Algorithms,1136,163,1
Probabilistic_Methods,1687,294,3
Reinforcement_Learning,1285,180,4
Neural_Networks,331,356,2
Neural_Networks,1198,8,2
Theory,2614,74,6
Genetic_Algorithms,1136,163,1
Neural_Networks,611,257,2
Neural_Networks,747,124,2
Rule_Learning,2215,8,5
Neural_Networks,611,157,2
Case_Based,1843,136,0
Genetic_Algorithms,1136,163,1
Neural_Networks,747,747,2
Probabilistic_Methods,1654,126,3
Probabilistic_Methods,1654,126,3
Neural_Networks,2236,2262,2
Genetic_Algorithms,1136,163,1
Genetic_Algorithms,1136,163,1
Neural_Networks,611,74,2
Rule_Learning,686,35,5
Probabilistic_Methods,2115,1995,3
Probabilistic_Methods,331,227,3
Neural_Networks,1666,87,2
Case_Based,1666,87,0
Case_Based,1666,87,0
Theory,1456,549,6
Neural_Networks,2247,2263,2
Genetic_Algorithms,1136,163,1
Genetic_Algorithms,1136,163,1
Genetic_Algorithms,1136,163,1
Genetic_Algorithms,1136,163,1
Genetic_Algorithms,1136,163,1
Rule_Learning,686,80,5
Genetic_Algorithms,1136,163,1
Genetic_Algorithms,747,227,1
Neural_Networks,686,430,2
Genetic_Algorithms,1136,500,1
Neural_Networks,747,227,2
Genetic_Algorithms,1136,163,1
Neural_Networks,611,611,2
Genetic_Algorithms,1136,163,1
Neural_Networks,2236,2262,2
Neural_Networks,2247,2263,2
Genetic_Algorithms,2264,2519,1
Genetic_Algorithms,1136,163,1
Probabilistic_Methods,611,74,3
Genetic_Algorithms,1136,163,1
Neural_Networks,747,2275,2
Genetic_Algorithms,1136,163,1
Neural_Networks,611,257,2
Genetic_Algorithms,1136,163,1
Neural_Networks,66,35,2
Theory,1456,8,2
Genetic_Algorithms,1136,163,1
Neural_Networks,747,2275,2
Case_Based,150,231,0
Genetic_Algorithms,1136,163,1
Neural_Networks,1968,2284,2
Neural_Networks,611,257,2
Genetic_Algorithms,1136,163,1
Neural_Networks,1136,80,2
Rule_Learning,686,344,5
Neural_Networks,1968,2284,2
Neural_Networks,1968,2284,2
Probabilistic_Methods,331,157,3
Genetic_Algorithms,1136,163,1
Probabilistic_Methods,611,157,3
Probabilistic_Methods,1759,2288,3
Case_Based,1805,1805,0
Rule_Learning,686,286,5
Rule_Learning,686,286,5
Probabilistic_Methods,1268,8,3
Probabilistic_Methods,1268,1937,3
Case_Based,1268,35,0
Genetic_Algorithms,1136,163,1
Genetic_Algorithms,1136,163,1
Theory,1444,440,6
Genetic_Algorithms,1136,163,1
Case_Based,66,1855,0
Rule_Learning,686,136,5
Probabilistic_Methods,2115,1995,3
Genetic_Algorithms,1136,163,1
Case_Based,66,294,0
Neural_Networks,1444,440,2
Reinforcement_Learning,1285,180,4
Neural_Networks,747,227,2
Neural_Networks,747,2307,2
Case_Based,240,240,0
Reinforcement_Learning,1136,163,4
Case_Based,2614,35,0
Probabilistic_Methods,331,157,3
Rule_Learning,686,236,5
Probabilistic_Methods,1654,126,3
Neural_Networks,2187,693,2
Theory,611,157,6
Genetic_Algorithms,1136,163,1
Genetic_Algorithms,1136,163,1
Probabilistic_Methods,1654,1713,3
Case_Based,1136,163,0
Theory,1198,1861,6
Neural_Networks,2187,2321,2
Neural_Networks,1814,2499,2
Probabilistic_Methods,1268,1268,3
Theory,1968,74,6
Neural_Networks,747,611,2
Theory,1968,417,6
Theory,1456,2327,6
Reinforcement_Learning,1687,294,4
Theory,686,74,6
Genetic_Algorithms,1136,163,1
Theory,1968,571,6
Genetic_Algorithms,1136,74,1
Theory,2614,286,6
Genetic_Algorithms,1136,163,1
Neural_Networks,611,74,2
Neural_Networks,611,257,2
Neural_Networks,1968,87,2
Case_Based,686,74,3
Rule_Learning,686,344,5
Neural_Networks,611,611,4
Probabilistic_Methods,1268,1268,3
Theory,686,430,6
Probabilistic_Methods,686,74,3
Neural_Networks,611,227,2
Theory,1198,2418,6
Theory,747,426,6
Genetic_Algorithms,1136,163,1
Probabilistic_Methods,1654,725,3
Neural_Networks,2349,2349,2
Theory,1456,549,6
Neural_Networks,747,2307,2
Neural_Networks,611,611,2
Genetic_Algorithms,1136,163,1
Theory,1456,8,6
Neural_Networks,747,227,2
Theory,1456,549,6
Neural_Networks,1814,212,2
Neural_Networks,2358,2503,2
Case_Based,66,35,0
Theory,1456,8,6
Genetic_Algorithms,1136,163,1
Probabilistic_Methods,1654,1713,3
Genetic_Algorithms,1136,163,1
Case_Based,2614,227,0
Rule_Learning,2149,2149,5
Probabilistic_Methods,331,227,3
Theory,686,74,6
Reinforcement_Learning,1687,294,4
Case_Based,2614,35,0
Neural_Networks,2187,2321,2
Case_Based,150,581,0
Case_Based,150,581,0
Neural_Networks,611,74,2
Neural_Networks,611,74,2
Probabilistic_Methods,331,227,3
Neural_Networks,1814,2499,2
Probabilistic_Methods,1654,468,3
Neural_Networks,611,611,2
Genetic_Algorithms,1136,163,1
Probabilistic_Methods,1666,35,3
Neural_Networks,1968,35,1
Neural_Networks,611,74,2
Neural_Networks,747,227,2
Probabilistic_Methods,2384,2460,3
Neural_Networks,1814,611,2
Neural_Networks,2387,2387,2
Neural_Networks,2387,2387,2
Neural_Networks,331,227,2
Probabilistic_Methods,611,74,3
Neural_Networks,611,257,2
Theory,1456,2391,6
Genetic_Algorithms,1136,163,1
Neural_Networks,1409,163,2
Neural_Networks,1456,2391,2
Case_Based,2395,2665,0
Genetic_Algorithms,1409,163,1
Neural_Networks,1452,572,2
Case_Based,150,228,0
Case_Based,150,136,0
Neural_Networks,747,124,2
Probabilistic_Methods,2401,2401,3
Genetic_Algorithms,1136,163,1
Case_Based,2215,457,0
Probabilistic_Methods,1687,294,3
Neural_Networks,1452,572,2
Reinforcement_Learning,1687,39,3
Genetic_Algorithms,1136,163,1
Reinforcement_Learning,1687,163,4
Neural_Networks,1687,294,4
Neural_Networks,747,204,2
Reinforcement_Learning,427,227,4
Reinforcement_Learning,747,227,4
Neural_Networks,611,74,2
Neural_Networks,611,74,2
Case_Based,686,74,0
Probabilistic_Methods,331,227,3
Probabilistic_Methods,611,131,3
Theory,1198,2418,6
Probabilistic_Methods,1268,1268,3
Probabilistic_Methods,686,74,3
Probabilistic_Methods,611,74,3
Neural_Networks,1814,2499,2
Theory,2614,74,2
Rule_Learning,686,74,5
Probabilistic_Methods,1268,423,3
Rule_Learning,686,344,5
Neural_Networks,1456,2391,2
Probabilistic_Methods,686,88,0
Genetic_Algorithms,1136,163,1
Reinforcement_Learning,1687,39,4
Rule_Learning,686,344,5
Reinforcement_Learning,611,611,4
Neural_Networks,747,227,2
Probabilistic_Methods,1452,248,3
Neural_Networks,2236,2262,2
Rule_Learning,2649,196,5
Reinforcement_Learning,747,227,4
Neural_Networks,686,136,2
Neural_Networks,1968,35,6
Neural_Networks,1843,136,2
Rule_Learning,686,35,5
Reinforcement_Learning,1687,74,4
Probabilistic_Methods,686,74,3
Reinforcement_Learning,1136,500,4
Neural_Networks,747,2275,5
Genetic_Algorithms,1136,80,1
Case_Based,686,286,6
Neural_Networks,331,157,2
Rule_Learning,150,228,5
Rule_Learning,150,228,5
Genetic_Algorithms,1136,80,1
Neural_Networks,611,611,2
Reinforcement_Learning,427,227,4
Neural_Networks,1814,212,2
Theory,1456,8,6
Probabilistic_Methods,1654,725,3
Neural_Networks,1136,163,2
Probabilistic_Methods,331,227,3
Neural_Networks,1968,87,2
Probabilistic_Methods,2384,2460,3
Probabilistic_Methods,1452,1078,3
Probabilistic_Methods,686,35,6
Probabilistic_Methods,1268,423,3
Probabilistic_Methods,1817,2464,3
Case_Based,686,74,0
Case_Based,686,35,0
Theory,1456,228,6
Probabilistic_Methods,1456,228,3
Neural_Networks,1789,2469,2
Genetic_Algorithms,1136,163,1
Case_Based,1666,87,0
Reinforcement_Learning,1687,294,6
Case_Based,2215,163,0
Probabilistic_Methods,1268,423,3
Theory,1456,549,6
Theory,1687,294,6
Neural_Networks,611,227,2
Genetic_Algorithms,1136,163,1
Genetic_Algorithms,1136,163,1
Reinforcement_Learning,1687,294,4
Theory,1858,2481,6
Case_Based,66,1855,0
Theory,1456,791,6
Case_Based,2614,2616,0
Reinforcement_Learning,1687,294,4
Neural_Networks,1285,74,4
Theory,686,136,6
Probabilistic_Methods,331,227,3
Case_Based,150,581,0
Genetic_Algorithms,1136,163,1
Neural_Networks,1981,1981,2
Probabilistic_Methods,1268,250,3
Rule_Learning,686,74,5
Reinforcement_Learning,2063,2494,4
Theory,1968,571,6
Neural_Networks,1198,8,2
Neural_Networks,1981,1981,2
Neural_Networks,1814,2499,2
Neural_Networks,1814,2499,2
Neural_Networks,1814,2499,2
Neural_Networks,611,611,2
Case_Based,150,74,3
Neural_Networks,2358,2503,2
Genetic_Algorithms,1136,163,1
Neural_Networks,1814,2499,2
Probabilistic_Methods,331,227,3
Neural_Networks,611,74,2
Theory,686,74,6
Theory,1456,8,6
Probabilistic_Methods,1654,1713,3
Theory,1198,2418,6
Genetic_Algorithms,1930,2512,1
Neural_Networks,611,74,2
Probabilistic_Methods,1666,35,3
Genetic_Algorithms,747,2003,1
Genetic_Algorithms,1136,163,1
Neural_Networks,2533,2533,2
Genetic_Algorithms,1136,163,1
Genetic_Algorithms,2264,2519,1
Case_Based,66,35,0
Genetic_Algorithms,1268,163,3
Neural_Networks,747,2275,2
Neural_Networks,2684,2684,2
Probabilistic_Methods,1452,248,3
Probabilistic_Methods,1452,248,3
Neural_Networks,331,157,2
Rule_Learning,2649,196,5
Theory,1858,2481,6
Probabilistic_Methods,1268,35,3
Neural_Networks,686,74,2
Probabilistic_Methods,1268,423,3
Probabilistic_Methods,611,131,3
Neural_Networks,2533,2533,2
Rule_Learning,2009,2534,5
Neural_Networks,611,227,2
Reinforcement_Learning,1687,294,4
Neural_Networks,427,1927,2
Neural_Networks,747,611,2
Rule_Learning,686,74,5
Neural_Networks,611,160,2
Genetic_Algorithms,1136,163,1
Neural_Networks,2236,2262,2
Probabilistic_Methods,1843,136,3
Case_Based,150,284,0
Neural_Networks,1968,2178,1
Probabilistic_Methods,2115,276,3
Case_Based,1268,250,0
Theory,1456,2391,6
Neural_Networks,331,420,2
Rule_Learning,686,227,5
Reinforcement_Learning,2215,163,4
Neural_Networks,1814,212,2
Neural_Networks,1968,35,2
Genetic_Algorithms,1136,163,1
Theory,2215,1505,6
Case_Based,66,150,0
Neural_Networks,686,430,0
Probabilistic_Methods,1666,35,3
Probabilistic_Methods,1452,248,3
Theory,2215,1505,6
Probabilistic_Methods,1666,35,3
Neural_Networks,611,74,2
Genetic_Algorithms,1409,163,1
Genetic_Algorithms,1136,163,1
Case_Based,66,35,0
Probabilistic_Methods,1268,423,3
Neural_Networks,1814,2499,2
Case_Based,150,284,0
Neural_Networks,747,227,2
Neural_Networks,611,257,2
Neural_Networks,1198,8,1
Neural_Networks,2112,365,2
Probabilistic_Methods,1942,2573,3
Neural_Networks,1198,8,2
Probabilistic_Methods,331,227,2
Neural_Networks,611,227,2
Probabilistic_Methods,686,74,3
Probabilistic_Methods,1654,2578,3
Neural_Networks,611,257,2
Theory,686,136,6
Case_Based,2215,457,0
Neural_Networks,1968,35,2
Theory,2614,286,6
Neural_Networks,2632,2632,2
Case_Based,686,35,0
Reinforcement_Learning,1285,74,4
Rule_Learning,686,236,5
Probabilistic_Methods,2115,1995,3
Rule_Learning,686,74,6
Probabilistic_Methods,331,420,3
Rule_Learning,686,80,5
Probabilistic_Methods,1654,2578,3
Case_Based,686,430,0
Neural_Networks,747,227,2
Neural_Networks,611,611,2
Probabilistic_Methods,611,157,3
Case_Based,686,430,0
Genetic_Algorithms,1136,163,1
Neural_Networks,1285,745,2
Genetic_Algorithms,1136,163,1
Neural_Networks,2631,2631,2
Rule_Learning,2070,2602,5
Neural_Networks,1136,426,1
Genetic_Algorithms,1136,163,1
Case_Based,150,74,0
Neural_Networks,1968,87,2
Case_Based,2614,35,0
Neural_Networks,331,420,2
Rule_Learning,686,74,5
Neural_Networks,1968,87,2
Neural_Networks,1968,87,2
Neural_Networks,747,747,2
Genetic_Algorithms,1136,426,1
Case_Based,2614,2616,0
Neural_Networks,686,430,6
Case_Based,2614,2616,5
Rule_Learning,686,74,5
Theory,1456,308,6
Neural_Networks,1968,747,2
Probabilistic_Methods,1972,2620,3
Neural_Networks,2105,2621,2
Case_Based,686,430,2
Theory,1285,74,6
Genetic_Algorithms,1136,163,1
Neural_Networks,747,747,2
Case_Based,150,136,0
Theory,2614,74,6
Reinforcement_Learning,1687,39,4
Reinforcement_Learning,1687,39,4
Genetic_Algorithms,1456,163,1
Neural_Networks,2631,2631,2
Neural_Networks,2632,2632,2
Theory,1456,267,6
Probabilistic_Methods,2614,74,3
Case_Based,1843,136,0
Rule_Learning,686,136,5
Genetic_Algorithms,240,240,1
Genetic_Algorithms,1136,163,1
Neural_Networks,2117,2639,2
Rule_Learning,2070,2602,5
Genetic_Algorithms,1136,163,1
Neural_Networks,1687,294,2
Genetic_Algorithms,1136,2646,1
Theory,2134,2644,6
Case_Based,66,1855,0
Genetic_Algorithms,1136,2646,1
Reinforcement_Learning,1687,39,4
Neural_Networks,1285,74,2
Rule_Learning,2649,196,5
Rule_Learning,2215,163,0
Theory,1968,308,6
Case_Based,240,240,0
Theory,1456,549,6
Probabilistic_Methods,611,74,3
Reinforcement_Learning,1687,2655,4
Case_Based,150,163,0
Theory,1968,74,6
Case_Based,1687,39,0
Genetic_Algorithms,1136,163,1
Probabilistic_Methods,1268,138,3
Probabilistic_Methods,331,227,3
Neural_Networks,1968,87,2
Rule_Learning,2215,8,5
Genetic_Algorithms,1136,163,1
Case_Based,2395,2665,0
Reinforcement_Learning,427,227,4
Genetic_Algorithms,1136,163,1
Rule_Learning,2149,2149,5
Probabilistic_Methods,611,157,3
Neural_Networks,331,238,2
Neural_Networks,331,238,2
Neural_Networks,1687,294,4
Genetic_Algorithms,1136,163,1
Neural_Networks,1843,136,6
Theory,2614,1964,6
Neural_Networks,1814,611,2
Probabilistic_Methods,686,1078,3
Neural_Networks,611,227,2
Probabilistic_Methods,1654,2578,3
Neural_Networks,611,157,2
Neural_Networks,611,160,3
Probabilistic_Methods,1654,725,3
Neural_Networks,747,74,2
Neural_Networks,2684,2684,2
Theory,1456,549,6
Neural_Networks,611,157,2
Reinforcement_Learning,1573,910,4
Genetic_Algorithms,1136,163,1
Theory,1687,2655,6
Theory,1456,549,6
Neural_Networks,1751,2691,2
Case_Based,1843,136,0
Probabilistic_Methods,1654,468,3
Theory,1968,571,6
Theory,1456,267,6
Theory,1456,267,6
Probabilistic_Methods,1759,2288,3
Probabilistic_Methods,1759,2288,3
Probabilistic_Methods,1654,1713,3
Probabilistic_Methods,1759,2288,3
Neural_Networks,2247,2263,2
Genetic_Algorithms,1136,163,1
Genetic_Algorithms,1136,163,1
Genetic_Algorithms,1136,163,1
Genetic_Algorithms,1136,163,1
Case_Based,150,150,0
Neural_Networks,611,227,2
